Month,Call_Time,TraceId,ClientRequestId,Endpoint,Registration,Product,PlanType,CarrierPolicyNo,IL_Status
2026-08,2026-08-01T11:20:02,003d4d0f546ab8644987907dda6d1902,26393b00-a2db-406d-a12c-cf9673b7974a,il.motor.2w.proposal.url,GA09S4523,2W,19,3005/450691315/00/000,ISSUED
2026-08,2026-08-02T08:49:48,7f63cd1797063bf6945191d6786114fe,17541dfd-8c77-479e-bf45-9526acc23c1b,il.motor.4w.proposal.url,MH15DM4015,4W,19,3001/450734208/00/000,ISSUED
2026-08,2026-08-02T15:55:37,e85dd3391dd92c9fa59c12a2d0815bf7,55dd098f-9f5f-4a89-9e86-1349f9d56c24,il.motor.2w.proposal.url,TN38CY1702,2W,21,3005/A/450748729/00/B00,ISSUED
2026-08,2026-08-04T10:13:57,3a98a47fb20d2f529806a56f68942d67,5fd85c50-cb48-4cef-b751-bdf8873bac14,il.motor.4w.proposal.url,TS13UA9843,4W,19,3001/447604932/00/B00,
2026-08,2026-08-05T20:50:17,575c83c012f8181b2ee5f6c53b44030f,7ebf69b4-b0d1-442d-8bfa-f17e9cbfa144,il.motor.2w.proposal.url,PB06BH1393,2W,20,3005/O/450990896/00/B00,ISSUED
2026-08,2026-08-06T09:12:37,a8c1605d173ac8f24ff175cc1a599ae0,69f070ff-28dd-4afa-b142-d851b9db9289,il.motor.2w.proposal.url,TN91AB1764,2W,20,3005/O/451002407/00/B00,ISSUED
2026-08,2026-08-07T08:42:43,5fbe54a3134f7aacb6c8460d8a79f36d,c977dee4-fd2d-4ccf-9e0c-fc1022c6b3d9,il.motor.2w.proposal.url,MH01DY7570,2W,19,3005/451106464/00/000,ISSUED
2026-08,2026-08-07T16:38:16,de061add43ef2615dd7d99c1c5957b32,757cafd8-6236-411d-a340-67512dd1428a,il.motor.2w.proposal.url,HR10AE9762,2W,19,3005/451149127/00/B00,ISSUED
2026-08,2026-08-07T16:39:07,b9282c6d765063eef57488dea955c867,417e8ab1-0af1-4588-91c4-0cae2820136e,il.motor.2w.proposal.url,HR10AE9762,2W,19,3005/451149127/00/B00,
2026-08,2026-08-07T16:39:15,3bd981eb066ae35edb36de3f5fb8f3c7,bea88de2-7fee-458e-900d-4e0199ccd546,il.motor.2w.proposal.url,HR10AE9762,2W,19,3005/451149127/00/B00,
2026-08,2026-08-07T16:39:58,dcafa82140ed2d034bf9ab9357adbd2a,20199c1a-dce1-4843-8e05-5f2b093d9324,il.motor.2w.proposal.url,HR10AE9762,2W,19,3005/451149127/00/B00,
2026-08,2026-08-07T16:40:49,b3c666015964f985ede851edd93a3b15,d6b12b63-5b73-480a-a08f-6c20e1c85625,il.motor.2w.proposal.url,HR10AE9762,2W,19,3005/451149127/00/B00,
2026-08,2026-08-08T15:41:11,5f134bad5debd8ffca9cf274ca36b3d2,e928ada8-d611-46d7-82d7-d70e99f47c7b,il.motor.4w.proposal.url,MH14KA4090,4W,19,3001/451217106/00/000,ISSUED
2026-08,2026-08-08T18:04:58,6c8c08dbe5a60dc11e487848dae599c7,a6817199-0bab-43dc-b7f5-c51b65652c65,il.motor.2w.proposal.url,HR10AE9762,2W,19,3005/451149127/00/B00,
2026-08,2026-08-08T21:06:04,da8c44ce26b2ecdb4ec8850691ca6d16,dff41fa7-51c6-428b-90ff-4566101e187e,il.motor.2w.proposal.url,UK03A9495,2W,21,3005/A/451235169/00/B00,ISSUED
2026-08,2026-08-10T10:42:46,eb8c4b0027159855b6c505bc0920fff0,713ab0da-20e4-4909-a639-0b6534ed4a6d,il.motor.2w.proposal.url,AP40AH0587,2W,20,3005/O/451279922/00/B00,ISSUED
2026-08,2026-08-11T16:05:19,92f258538bdcabd78571e5b16b504bca,ee4e32f6-ac39-4119-a2a1-ae3bacbf33b0,il.motor.2w.proposal.url,JK02CU2056,2W,21,3005/A/451488365/00/000,ISSUED
2026-08,2026-08-13T10:48:56,4613f2f2f2f12e1c5d5945fc87861cfd,6610ec11-4f1c-4a4a-b5bc-ff7064f98603,il.motor.2w.proposal.url,BR01HW5264,2W,20,3005/O/451780939/00/B00,ISSUED
2026-08,2026-08-13T16:18:02,ff8a8ad61d5921d27b8c12389ea34d4e,2c14935b-9919-40c0-95da-93141e588333,il.motor.2w.proposal.url,TN70AQ5557,2W,20,3005/O/451855173/00/B00,
2026-08,2026-08-14T21:15:51,4ad704603790fcb32b5ace190d98973d,b0652973-d578-4e23-bcb2-63d462184eb2,il.motor.2w.proposal.url,KA19HR9376,2W,20,3005/O/451973422/00/B00,ISSUED
2026-08,2026-08-16T12:50:20,024f1f403753d87c6535fbdef5399a6e,28a11c15-acb0-4476-be87-7777e73419fb,il.motor.2w.proposal.url,KA03KH3260,2W,19,3005/452029431/00/B00,ISSUED
2026-08,2026-08-16T12:50:46,98d3f505ade6181058e2c24a9cc09181,5b14cc36-077d-459f-8046-aaced91dd62f,il.motor.2w.proposal.url,KA03KH3260,2W,19,3005/452029431/00/B00,
2026-08,2026-08-16T12:51:37,91003810dd6ae9379ea0b489addaed11,02c63d9a-1cd3-412d-a82b-0b6c429a8acf,il.motor.2w.proposal.url,KA03KH3260,2W,19,3005/452029431/00/B00,
2026-08,2026-08-16T12:53:35,d32db4c342320514b97acdb53176348c,a9f639ce-6b9a-4dd4-9182-3722332d281d,il.motor.2w.proposal.url,KA03KH3260,2W,19,3005/452029431/00/B00,
2026-08,2026-08-16T13:00:38,c79a0b60dcc1579b549fd3bb1a4e6813,c38c3963-ab80-4654-8c38-9f65124a5692,il.motor.2w.proposal.url,KA03KH3260,2W,19,3005/452029431/00/B00,
2026-08,2026-08-16T13:32:15,665a48940e3188704afb2540337a0d4d,580aaf99-ab1b-4c1d-a3e7-4a3254dcfe98,il.motor.2w.proposal.url,KA03KH3260,2W,19,3005/452029431/00/B00,
2026-08,2026-08-16T19:06:53,11e31adb1176fa33423372a205407dc3,5f979199-a796-420d-a192-30ad774265d8,il.motor.2w.proposal.url,MP09ZF2865,2W,20,3005/O/452040954/00/B00,ISSUED
2026-08,2026-08-17T10:03:51,b7ce8591a1d630be0e9afd6a5ecd5cf6,e26d01a5-2a3f-4afc-84f4-6b4db787b44a,il.motor.2w.proposal.url,HR10AE9762,2W,19,3005/451149127/00/B00,
2026-08,2026-08-17T18:59:46,384fcadd8b5a3df530a74639c94ae696,6a9e6a8f-499c-4a67-84cb-679eba123b69,il.motor.2w.proposal.url,KA03KH3260,2W,19,3005/452029431/00/B00,
2026-08,2026-08-23T18:29:50,e118c5afa0c296e789a2f9cd991ae4ba,8c4e4440-2d50-4a9e-8815-ddd9124070a4,il.motor.2w.proposal.url,MH07AT9671,2W,20,3005/O/452701707/00/B00,ISSUED
2026-08,2026-08-23T21:01:23,177222c35fc084456fc5db1c2ea3cd87,a3d87d53-e98d-4506-ba2c-c11a33a1a2be,il.motor.2w.proposal.url,JK01AU6305,2W,20,3005/O/452705155/00/B00,ISSUED
2026-08,2026-08-24T14:14:54,27faa6f98cb33753d1e8d0bdb33cf831,7feafe52-c32d-4ac1-8ab9-a1c0f31c5509,il.motor.2w.proposal.url,UP70HC2824,2W,20,3005/O/452745911/00/B00,ISSUED
2026-08,2026-08-24T14:55:52,4db223fe67c7430d006dfcb52506575c,9befef82-c87b-42b1-8250-d41a9d3f1ad1,il.motor.2w.proposal.url,MH02DH3210,2W,19,3005/452751821/00/000,ISSUED
2026-08,2026-08-25T09:15:36,ec2c3ffdae4119bf78a4502e5104a631,56711480-5499-41b5-a012-6545867b65d2,il.motor.4w.proposal.url,TN45CE4226,4W,19,3001/452525800/00/B00,
2026-08,2026-08-25T11:35:48,f0d262d7c706060cb955f8cc4b5c692a,5b829cdb-ebd8-480b-89b2-91d85d7a8e05,il.motor.4w.proposal.url,TS13UA9843,4W,19,3001/447604932/00/B00,
2026-08,2026-08-26T23:51:26,cc8adfc8073cf1323581ece697c9c369,d01bf651-234e-42e9-b459-b1e700419b7c,il.motor.2w.proposal.url,BR06EA3244,2W,20,3005/O/453056383/00/B00,ISSUED
2026-08,2026-08-29T10:20:12,c1c66398827340a9a5654414c0ccf36c,e355e9a7-0a1a-4cf1-8b89-81a4a9f87f49,il.motor.2w.proposal.url,UP32HD4743,2W,19,3005/453338212/00/B00,ISSUED
2026-08,2026-08-31T21:39:26,2b8739a0a4a17e09ba224c5e827c124a,db96c171-e3fe-472e-aeb9-caa840822c2b,il.motor.2w.proposal.url,MH46CT1398,2W,20,3005/O/453660605/00/B00,ISSUED
2026-09,2026-09-05T08:00:56,3ded8e5048d348c734485638e30228a7,6a217da9-9b95-4551-8fdf-4f491869b17c,il.motor.2w.proposal.url,TN11BH9376,2W,20,3005/O/454240053/00/B00,ISSUED
2026-09,2026-09-05T21:59:04,ed62f8654f26376845537212145e70a2,1f324743-a4dc-4c57-9fb9-982355061a95,il.motor.2w.proposal.url,KL58AH3899,2W,20,3005/O/454301472/00/B00,ISSUED
2026-09,2026-09-09T02:45:07,64d9682cc0dc4e6bcd7e89df989c1f71,c6999368-9942-46e7-8c11-bc7a2960b29c,il.motor.2w.proposal.url,MP12ZH1302,2W,20,3005/O/454532343/00/000,ISSUED
2026-09,2026-09-12T17:23:17,1cf1accc0f0df2f673eca46f9c054901,f4122f3d-2226-4cea-a6d2-49dac84dafc2,il.motor.2w.proposal.url,MH14EF1357,2W,19,3005/454889852/00/B00,ISSUED
2026-09,2026-09-13T09:33:58,2f29825c7006fba6927e0639c5b45b2a,55cf063a-4260-4ab8-ad64-9ed78effe07d,il.motor.2w.proposal.url,JH15AM3122,2W,20,3005/O/454907747/00/000,ISSUED
